{"cameraMode":{"drawMode":0,"name":"Shaded","section":"Shading Mode"},"sceneLighting":true,"audioPlay":false,"sceneViewState":{"m_AlwaysRefresh":false,"showFog":true,"showSkybox":true,"showFlares":true,"showImageEffects":true,"showParticleSystems":true,"showVisualEffectGraphs":true,"m_FxEnabled":true},"in2DMode":false,"pivot":{"x":351.56365966796877,"y":254.2352294921875,"z":127.80732727050781},"rotation":{"x":-0.13320688903331757,"y":0.07853676378726959,"z":-0.008269799873232842,"w":-0.9881682991981506},"size":262.9404602050781,"orthographic":false}